dataset_index,dataset_name,model_index,model_name,test_acc,test_rel_acc,rank
0,ade_corpus_v2/classification,0.0,bert-base-uncased,0.9413265306122450,0.9919354838709680,12.0
0,ade_corpus_v2/classification,1.0,xlm-roberta-base,0.9489795918367350,1.0,1.5
0,ade_corpus_v2/classification,2.0,roberta-base,0.9489795918367350,1.0,1.5
0,ade_corpus_v2/classification,3.0,distilbert-base-uncased,0.9447278911564630,0.9955197132616490,5.5
0,ade_corpus_v2/classification,4.0,distilroberta-base,0.9302721088435370,0.9802867383512540,18.0
0,ade_corpus_v2/classification,5.0,albert-base-v2,0.9485544217687080,0.9995519713261650,3.0
0,ade_corpus_v2/classification,6.0,microsoft/deberta-base,0.9443027210884350,0.9950716845878140,7.5
0,ade_corpus_v2/classification,7.0,cardiffnlp/twitter-roberta-base-sentiment-latest,0.9379251700680270,0.9883512544802870,14.0
0,ade_corpus_v2/classification,8.0,distilbert-base-uncased-finetuned-sst-2-english,0.941751700680272,0.9923835125448030,11.0
0,ade_corpus_v2/classification,9.0,deepset/roberta-base-squad2,0.9349489795918370,0.9852150537634410,16.0
0,ade_corpus_v2/classification,10.0,bert-large-uncased,0.9421768707482990,0.992831541218638,9.5
0,ade_corpus_v2/classification,11.0,ProsusAI/finbert,0.9375,0.9879032258064520,15.0
0,ade_corpus_v2/classification,12.0,emilyalsentzer/Bio_ClinicalBERT,0.9383503401360550,0.9887992831541220,13.0
0,ade_corpus_v2/classification,13.0,bert-large-uncased-whole-word-masking-finetuned-squad,0.9477040816326530,0.9986559139784950,4.0
0,ade_corpus_v2/classification,14.0,j-hartmann/emotion-english-distilroberta-base,0.9443027210884350,0.9950716845878140,7.5
0,ade_corpus_v2/classification,15.0,distilbert-base-uncased-distilled-squad,0.9421768707482990,0.992831541218638,9.5
0,ade_corpus_v2/classification,16.0,nlptown/bert-base-multilingual-uncased-sentiment,0.9340986394557820,0.9843189964157710,17.0
0,ade_corpus_v2/classification,17.0,zhayunduo/roberta-base-stocktwits-finetuned,0.9447278911564630,0.9955197132616490,5.5
0,ade_corpus_v2/classification,18.0,bert-base-multilingual-uncased,0.9298469387755100,0.9798387096774190,19.0
0,ade_corpus_v2/classification,19.0,GroNLP/hateBERT,0.9294217687074830,0.9793906810035840,20.0
1,banking77,0.0,bert-base-uncased,0.9262987012987010,0.9878808864265930,7.0
1,banking77,1.0,xlm-roberta-base,0.925974025974026,0.9875346260387810,9.0
1,banking77,2.0,roberta-base,0.9376623376623380,1.0,1.0
1,banking77,3.0,distilbert-base-uncased,0.9285714285714290,0.9903047091412740,5.0
1,banking77,4.0,distilroberta-base,0.9298701298701300,0.9916897506925210,4.0
1,banking77,5.0,albert-base-v2,0.8948051948051950,0.9542936288088640,20.0
1,banking77,6.0,microsoft/deberta-base,0.922077922077922,0.9833795013850420,12.5
1,banking77,7.0,cardiffnlp/twitter-roberta-base-sentiment-latest,0.926948051948052,0.988573407202216,6.0
1,banking77,8.0,distilbert-base-uncased-finetuned-sst-2-english,0.9198051948051950,0.9809556786703600,15.0
1,banking77,9.0,deepset/roberta-base-squad2,0.9321428571428570,0.9941135734072020,3.0
1,banking77,10.0,bert-large-uncased,0.9324675324675320,0.994459833795014,2.0
1,banking77,11.0,ProsusAI/finbert,0.9246753246753250,0.9861495844875350,11.0
1,banking77,12.0,emilyalsentzer/Bio_ClinicalBERT,0.9113636363636360,0.9719529085872580,18.0
1,banking77,13.0,bert-large-uncased-whole-word-masking-finetuned-squad,0.922077922077922,0.9833795013850420,12.5
1,banking77,14.0,j-hartmann/emotion-english-distilroberta-base,0.925974025974026,0.9875346260387810,9.0
1,banking77,15.0,distilbert-base-uncased-distilled-squad,0.9204545454545450,0.9816481994459830,14.0
1,banking77,16.0,nlptown/bert-base-multilingual-uncased-sentiment,0.9162337662337660,0.9771468144044320,17.0
1,banking77,17.0,zhayunduo/roberta-base-stocktwits-finetuned,0.9178571428571430,0.9788781163434900,16.0
1,banking77,18.0,bert-base-multilingual-uncased,0.9048701298701300,0.9650277008310250,19.0
1,banking77,19.0,GroNLP/hateBERT,0.925974025974026,0.9875346260387810,9.0
2,dair-ai/emotion,0.0,bert-base-uncased,0.926875,0.9926372155287820,9.5
2,dair-ai/emotion,1.0,xlm-roberta-base,0.93375,1.0,1.0
2,dair-ai/emotion,2.0,roberta-base,0.926875,0.9926372155287820,9.5
2,dair-ai/emotion,3.0,distilbert-base-uncased,0.924375,0.9899598393574300,13.0
2,dair-ai/emotion,4.0,distilroberta-base,0.93125,0.997322623828648,2.0
2,dair-ai/emotion,5.0,albert-base-v2,0.918125,0.9832663989290500,19.0
2,dair-ai/emotion,6.0,microsoft/deberta-base,0.92875,0.994645247657296,4.5
2,dair-ai/emotion,7.0,cardiffnlp/twitter-roberta-base-sentiment-latest,0.92625,0.9919678714859440,11.0
2,dair-ai/emotion,8.0,distilbert-base-uncased-finetuned-sst-2-english,0.92375,0.9892904953145920,14.5
2,dair-ai/emotion,9.0,deepset/roberta-base-squad2,0.92375,0.9892904953145920,14.5
2,dair-ai/emotion,10.0,bert-large-uncased,0.92125,0.9866131191432400,17.0
2,dair-ai/emotion,11.0,ProsusAI/finbert,0.925,0.9906291834002680,12.0
2,dair-ai/emotion,12.0,emilyalsentzer/Bio_ClinicalBERT,0.920625,0.9859437751004020,18.0
2,dair-ai/emotion,13.0,bert-large-uncased-whole-word-masking-finetuned-squad,0.928125,0.993975903614458,7.0
2,dair-ai/emotion,14.0,j-hartmann/emotion-english-distilroberta-base,0.928125,0.993975903614458,7.0
2,dair-ai/emotion,15.0,distilbert-base-uncased-distilled-squad,0.930625,0.99665327978581,3.0
2,dair-ai/emotion,16.0,nlptown/bert-base-multilingual-uncased-sentiment,0.928125,0.993975903614458,7.0
2,dair-ai/emotion,17.0,zhayunduo/roberta-base-stocktwits-finetuned,0.915625,0.9805890227576980,20.0
2,dair-ai/emotion,18.0,bert-base-multilingual-uncased,0.92875,0.994645247657296,4.5
2,dair-ai/emotion,19.0,GroNLP/hateBERT,0.9225,0.9879518072289160,16.0
3,emo,0.0,bert-base-uncased,0.869667816300599,0.9725943970767360,8.0
3,emo,1.0,xlm-roberta-base,0.854601561081866,0.9557450263905810,20.0
3,emo,2.0,roberta-base,0.8636776184425490,0.9658952496954930,14.0
3,emo,3.0,distilbert-base-uncased,0.8778362679252130,0.9817295980511570,3.0
3,emo,4.0,distilroberta-base,0.866581956797967,0.9691433211530660,12.0
3,emo,5.0,albert-base-v2,0.869667816300599,0.9725943970767360,8.0
3,emo,6.0,microsoft/deberta-base,0.8649482664730440,0.9673162809581810,13.0
3,emo,7.0,cardiffnlp/twitter-roberta-base-sentiment-latest,0.8801960428389910,0.9843686561104340,2.0
3,emo,8.0,distilbert-base-uncased-finetuned-sst-2-english,0.8602287166454890,0.9620381648396270,19.0
3,emo,9.0,deepset/roberta-base-squad2,0.8669449990923940,0.969549330085262,11.0
3,emo,10.0,bert-large-uncased,0.8941731711744420,1.0,1.0
3,emo,11.0,ProsusAI/finbert,0.8713015066255220,0.97442143727162,6.0
3,emo,12.0,emilyalsentzer/Bio_ClinicalBERT,0.8627700127064800,0.964880227365002,15.0
3,emo,13.0,bert-large-uncased-whole-word-masking-finetuned-squad,0.8752949718642220,0.9788875355257820,4.0
3,emo,14.0,j-hartmann/emotion-english-distilroberta-base,0.8751134507170090,0.9786845310596830,5.0
3,emo,15.0,distilbert-base-uncased-distilled-squad,0.8605917589399170,0.9624441737718230,18.0
3,emo,16.0,nlptown/bert-base-multilingual-uncased-sentiment,0.8625884915592670,0.9646772228989040,16.0
3,emo,17.0,zhayunduo/roberta-base-stocktwits-finetuned,0.869667816300599,0.9725943970767360,8.0
3,emo,18.0,bert-base-multilingual-uncased,0.8607732800871300,0.9626471782379210,17.0
3,emo,19.0,GroNLP/hateBERT,0.8682156471228900,0.9709703613479500,10.0
4,ethos/binary,0.0,bert-base-uncased,0.86,1.0,1.0
4,ethos/binary,1.0,xlm-roberta-base,0.8,0.930232558139535,9.5
4,ethos/binary,2.0,roberta-base,0.83,0.9651162790697670,5.0
4,ethos/binary,3.0,distilbert-base-uncased,0.85,0.9883720930232560,3.0
4,ethos/binary,4.0,distilroberta-base,0.81,0.9418604651162790,7.0
4,ethos/binary,5.0,albert-base-v2,0.81,0.9418604651162790,7.0
4,ethos/binary,6.0,microsoft/deberta-base,0.78,0.9069767441860470,14.0
4,ethos/binary,7.0,cardiffnlp/twitter-roberta-base-sentiment-latest,0.8,0.930232558139535,9.5
4,ethos/binary,8.0,distilbert-base-uncased-finetuned-sst-2-english,0.72,0.8372093023255810,18.0
4,ethos/binary,9.0,deepset/roberta-base-squad2,0.78,0.9069767441860470,14.0
4,ethos/binary,10.0,bert-large-uncased,0.85,0.9883720930232560,3.0
4,ethos/binary,11.0,ProsusAI/finbert,0.81,0.9418604651162790,7.0
4,ethos/binary,12.0,emilyalsentzer/Bio_ClinicalBERT,0.56,0.6511627906976750,20.0
4,ethos/binary,13.0,bert-large-uncased-whole-word-masking-finetuned-squad,0.78,0.9069767441860470,14.0
4,ethos/binary,14.0,j-hartmann/emotion-english-distilroberta-base,0.73,0.8488372093023260,17.0
4,ethos/binary,15.0,distilbert-base-uncased-distilled-squad,0.85,0.9883720930232560,3.0
4,ethos/binary,16.0,nlptown/bert-base-multilingual-uncased-sentiment,0.74,0.8604651162790700,16.0
4,ethos/binary,17.0,zhayunduo/roberta-base-stocktwits-finetuned,0.64,0.7441860465116280,19.0
4,ethos/binary,18.0,bert-base-multilingual-uncased,0.79,0.9186046511627910,11.5
4,ethos/binary,19.0,GroNLP/hateBERT,0.79,0.9186046511627910,11.5
5,imdb,0.0,bert-base-uncased,0.93088,0.9790492217080350,14.0
5,imdb,1.0,xlm-roberta-base,0.93584,0.9842658813630630,10.0
5,imdb,2.0,roberta-base,0.94584,0.9947833403449730,6.0
5,imdb,3.0,distilbert-base-uncased,0.9248,0.972654606647034,17.0
5,imdb,4.0,distilroberta-base,0.93924,0.987841817416912,8.0
5,imdb,5.0,albert-base-v2,0.93672,0.9851914177534710,9.0
5,imdb,6.0,microsoft/deberta-base,0.9508,1.0,1.0
5,imdb,7.0,cardiffnlp/twitter-roberta-base-sentiment-latest,0.94768,0.996718552797644,4.0
5,imdb,8.0,distilbert-base-uncased-finetuned-sst-2-english,0.93072,0.9788809423643250,15.0
5,imdb,9.0,deepset/roberta-base-squad2,0.94916,0.9982751367269670,2.0
5,imdb,10.0,bert-large-uncased,0.94628,0.9952461085401770,5.0
5,imdb,11.0,ProsusAI/finbert,0.93028,0.9784181741691210,16.0
5,imdb,12.0,emilyalsentzer/Bio_ClinicalBERT,0.91192,0.959108119478334,20.0
5,imdb,13.0,bert-large-uncased-whole-word-masking-finetuned-squad,0.94848,0.9975599495161970,3.0
5,imdb,14.0,j-hartmann/emotion-english-distilroberta-base,0.93116,0.9793437105595290,13.0
5,imdb,15.0,distilbert-base-uncased-distilled-squad,0.91652,0.9639461506100130,19.0
5,imdb,16.0,nlptown/bert-base-multilingual-uncased-sentiment,0.93308,0.9813630626840560,12.0
5,imdb,17.0,zhayunduo/roberta-base-stocktwits-finetuned,0.944,0.9928481278923010,7.0
5,imdb,18.0,bert-base-multilingual-uncased,0.92268,0.9704249053428690,18.0
5,imdb,19.0,GroNLP/hateBERT,0.93556,0.9839713925115690,11.0
6,onestop_english,0.0,bert-base-uncased,0.9649122807017540,0.9821428571428570,10.5
6,onestop_english,1.0,xlm-roberta-base,0.9649122807017540,0.9821428571428570,10.5
6,onestop_english,2.0,roberta-base,0.9649122807017540,0.9821428571428570,10.5
6,onestop_english,3.0,distilbert-base-uncased,0.9649122807017540,0.9821428571428570,10.5
6,onestop_english,4.0,distilroberta-base,0.9824561403508770,1.0,3.5
6,onestop_english,5.0,albert-base-v2,0.9824561403508770,1.0,3.5
6,onestop_english,6.0,microsoft/deberta-base,0.9649122807017540,0.9821428571428570,10.5
6,onestop_english,7.0,cardiffnlp/twitter-roberta-base-sentiment-latest,0.9473684210526320,0.9642857142857140,16.0
6,onestop_english,8.0,distilbert-base-uncased-finetuned-sst-2-english,0.9824561403508770,1.0,3.5
6,onestop_english,9.0,deepset/roberta-base-squad2,0.9824561403508770,1.0,3.5
6,onestop_english,10.0,bert-large-uncased,0.9824561403508770,1.0,3.5
6,onestop_english,11.0,ProsusAI/finbert,0.8947368421052630,0.9107142857142860,20.0
6,onestop_english,12.0,emilyalsentzer/Bio_ClinicalBERT,0.9298245614035090,0.9464285714285720,18.5
6,onestop_english,13.0,bert-large-uncased-whole-word-masking-finetuned-squad,0.9473684210526320,0.9642857142857140,16.0
6,onestop_english,14.0,j-hartmann/emotion-english-distilroberta-base,0.9824561403508770,1.0,3.5
6,onestop_english,15.0,distilbert-base-uncased-distilled-squad,0.9649122807017540,0.9821428571428570,10.5
6,onestop_english,16.0,nlptown/bert-base-multilingual-uncased-sentiment,0.9649122807017540,0.9821428571428570,10.5
6,onestop_english,17.0,zhayunduo/roberta-base-stocktwits-finetuned,0.9649122807017540,0.9821428571428570,10.5
6,onestop_english,18.0,bert-base-multilingual-uncased,0.9298245614035090,0.9464285714285720,18.5
6,onestop_english,19.0,GroNLP/hateBERT,0.9473684210526320,0.9642857142857140,16.0
7,poem_sentiment,0.0,bert-base-uncased,0.8365384615384620,0.9255319148936170,11.0
7,poem_sentiment,1.0,xlm-roberta-base,0.8173076923076920,0.904255319148936,15.0
7,poem_sentiment,2.0,roberta-base,0.8269230769230770,0.9148936170212770,13.0
7,poem_sentiment,3.0,distilbert-base-uncased,0.8846153846153850,0.9787234042553190,4.5
7,poem_sentiment,4.0,distilroberta-base,0.903846153846154,1.0,1.5
7,poem_sentiment,5.0,albert-base-v2,0.8269230769230770,0.9148936170212770,13.0
7,poem_sentiment,6.0,microsoft/deberta-base,0.8461538461538460,0.9361702127659580,10.0
7,poem_sentiment,7.0,cardiffnlp/twitter-roberta-base-sentiment-latest,0.8653846153846150,0.9574468085106380,7.0
7,poem_sentiment,8.0,distilbert-base-uncased-finetuned-sst-2-english,0.903846153846154,1.0,1.5
7,poem_sentiment,9.0,deepset/roberta-base-squad2,0.8076923076923080,0.8936170212765960,17.0
7,poem_sentiment,10.0,bert-large-uncased,0.8076923076923080,0.8936170212765960,17.0
7,poem_sentiment,11.0,ProsusAI/finbert,0.8942307692307690,0.9893617021276600,3.0
7,poem_sentiment,12.0,emilyalsentzer/Bio_ClinicalBERT,0.7019230769230770,0.776595744680851,20.0
7,poem_sentiment,13.0,bert-large-uncased-whole-word-masking-finetuned-squad,0.8653846153846150,0.9574468085106380,7.0
7,poem_sentiment,14.0,j-hartmann/emotion-english-distilroberta-base,0.8557692307692310,0.946808510638298,9.0
7,poem_sentiment,15.0,distilbert-base-uncased-distilled-squad,0.8846153846153850,0.9787234042553190,4.5
7,poem_sentiment,16.0,nlptown/bert-base-multilingual-uncased-sentiment,0.8269230769230770,0.9148936170212770,13.0
7,poem_sentiment,17.0,zhayunduo/roberta-base-stocktwits-finetuned,0.7115384615384620,0.7872340425531920,19.0
7,poem_sentiment,18.0,bert-base-multilingual-uncased,0.8076923076923080,0.8936170212765960,17.0
7,poem_sentiment,19.0,GroNLP/hateBERT,0.8653846153846150,0.9574468085106380,7.0
8,rotten_tomatoes,0.0,bert-base-uncased,0.8348968105065670,0.9241952232606440,17.0
8,rotten_tomatoes,1.0,xlm-roberta-base,0.8686679174484050,0.9615784008307370,6.5
8,rotten_tomatoes,2.0,roberta-base,0.8846153846153850,0.9792315680166150,2.5
8,rotten_tomatoes,3.0,distilbert-base-uncased,0.8424015009380860,0.932502596053998,14.0
8,rotten_tomatoes,4.0,distilroberta-base,0.8667917448405250,0.9595015576323990,8.0
8,rotten_tomatoes,5.0,albert-base-v2,0.8574108818011260,0.949117341640706,11.0
8,rotten_tomatoes,6.0,microsoft/deberta-base,0.8846153846153850,0.9792315680166150,2.5
8,rotten_tomatoes,7.0,cardiffnlp/twitter-roberta-base-sentiment-latest,0.8621013133208260,0.9543094496365520,10.0
8,rotten_tomatoes,8.0,distilbert-base-uncased-finetuned-sst-2-english,0.903377110694184,1.0,1.0
8,rotten_tomatoes,9.0,deepset/roberta-base-squad2,0.8780487804878050,0.97196261682243,4.0
8,rotten_tomatoes,10.0,bert-large-uncased,0.875234521575985,0.968847352024922,5.0
8,rotten_tomatoes,11.0,ProsusAI/finbert,0.8452157598499060,0.9356178608515060,13.0
8,rotten_tomatoes,12.0,emilyalsentzer/Bio_ClinicalBERT,0.7908067542213880,0.8753894080996890,20.0
8,rotten_tomatoes,13.0,bert-large-uncased-whole-word-masking-finetuned-squad,0.8658536585365850,0.9584631360332290,9.0
8,rotten_tomatoes,14.0,j-hartmann/emotion-english-distilroberta-base,0.8470919324577860,0.9376947040498440,12.0
8,rotten_tomatoes,15.0,distilbert-base-uncased-distilled-squad,0.8386491557223270,0.9283489096573210,15.0
8,rotten_tomatoes,16.0,nlptown/bert-base-multilingual-uncased-sentiment,0.8245778611632270,0.912772585669782,18.0
8,rotten_tomatoes,17.0,zhayunduo/roberta-base-stocktwits-finetuned,0.8686679174484050,0.9615784008307370,6.5
8,rotten_tomatoes,18.0,bert-base-multilingual-uncased,0.8142589118198870,0.90134994807892,19.0
8,rotten_tomatoes,19.0,GroNLP/hateBERT,0.8358348968105070,0.9252336448598130,16.0
9,sms_spam,0.0,bert-base-uncased,0.996415770609319,0.9982046678635550,2.5
9,sms_spam,1.0,xlm-roberta-base,0.9982078853046600,1.0,1.0
9,sms_spam,2.0,roberta-base,0.992831541218638,0.9946140035906640,13.5
9,sms_spam,3.0,distilbert-base-uncased,0.9946236559139780,0.9964093357271090,7.0
9,sms_spam,4.0,distilroberta-base,0.9910394265232980,0.992818671454219,17.5
9,sms_spam,5.0,albert-base-v2,0.992831541218638,0.9946140035906640,13.5
9,sms_spam,6.0,microsoft/deberta-base,0.9946236559139780,0.9964093357271090,7.0
9,sms_spam,7.0,cardiffnlp/twitter-roberta-base-sentiment-latest,0.9910394265232980,0.992818671454219,17.5
9,sms_spam,8.0,distilbert-base-uncased-finetuned-sst-2-english,0.989247311827957,0.9910233393177740,19.0
9,sms_spam,9.0,deepset/roberta-base-squad2,0.992831541218638,0.9946140035906640,13.5
9,sms_spam,10.0,bert-large-uncased,0.9946236559139780,0.9964093357271090,7.0
9,sms_spam,11.0,ProsusAI/finbert,0.992831541218638,0.9946140035906640,13.5
9,sms_spam,12.0,emilyalsentzer/Bio_ClinicalBERT,0.985663082437276,0.9874326750448830,20.0
9,sms_spam,13.0,bert-large-uncased-whole-word-masking-finetuned-squad,0.9946236559139780,0.9964093357271090,7.0
9,sms_spam,14.0,j-hartmann/emotion-english-distilroberta-base,0.992831541218638,0.9946140035906640,13.5
9,sms_spam,15.0,distilbert-base-uncased-distilled-squad,0.996415770609319,0.9982046678635550,2.5
9,sms_spam,16.0,nlptown/bert-base-multilingual-uncased-sentiment,0.9946236559139780,0.9964093357271090,7.0
9,sms_spam,17.0,zhayunduo/roberta-base-stocktwits-finetuned,0.9946236559139780,0.9964093357271090,7.0
9,sms_spam,18.0,bert-base-multilingual-uncased,0.9946236559139780,0.9964093357271090,7.0
9,sms_spam,19.0,GroNLP/hateBERT,0.992831541218638,0.9946140035906640,13.5
10,snips_built_in_intents,0.0,bert-base-uncased,1.0,1.0,5.0
10,snips_built_in_intents,1.0,xlm-roberta-base,0.9696969696969700,0.9696969696969700,14.5
10,snips_built_in_intents,2.0,roberta-base,1.0,1.0,5.0
10,snips_built_in_intents,3.0,distilbert-base-uncased,1.0,1.0,5.0
10,snips_built_in_intents,4.0,distilroberta-base,0.9696969696969700,0.9696969696969700,14.5
10,snips_built_in_intents,5.0,albert-base-v2,0.9696969696969700,0.9696969696969700,14.5
10,snips_built_in_intents,6.0,microsoft/deberta-base,1.0,1.0,5.0
10,snips_built_in_intents,7.0,cardiffnlp/twitter-roberta-base-sentiment-latest,0.9696969696969700,0.9696969696969700,14.5
10,snips_built_in_intents,8.0,distilbert-base-uncased-finetuned-sst-2-english,0.9696969696969700,0.9696969696969700,14.5
10,snips_built_in_intents,9.0,deepset/roberta-base-squad2,0.9696969696969700,0.9696969696969700,14.5
10,snips_built_in_intents,10.0,bert-large-uncased,1.0,1.0,5.0
10,snips_built_in_intents,11.0,ProsusAI/finbert,0.9696969696969700,0.9696969696969700,14.5
10,snips_built_in_intents,12.0,emilyalsentzer/Bio_ClinicalBERT,0.9696969696969700,0.9696969696969700,14.5
10,snips_built_in_intents,13.0,bert-large-uncased-whole-word-masking-finetuned-squad,0.9696969696969700,0.9696969696969700,14.5
10,snips_built_in_intents,14.0,j-hartmann/emotion-english-distilroberta-base,1.0,1.0,5.0
10,snips_built_in_intents,15.0,distilbert-base-uncased-distilled-squad,1.0,1.0,5.0
10,snips_built_in_intents,16.0,nlptown/bert-base-multilingual-uncased-sentiment,1.0,1.0,5.0
10,snips_built_in_intents,17.0,zhayunduo/roberta-base-stocktwits-finetuned,0.8181818181818180,0.8181818181818180,20.0
10,snips_built_in_intents,18.0,bert-base-multilingual-uncased,1.0,1.0,5.0
10,snips_built_in_intents,19.0,GroNLP/hateBERT,0.9696969696969700,0.9696969696969700,14.5
11,sst2,0.0,bert-base-uncased,0.9208715596330280,0.9733333333333330,11.0
11,sst2,1.0,xlm-roberta-base,0.9288990825688070,0.981818181818182,8.5
11,sst2,2.0,roberta-base,0.9403669724770640,0.993939393939394,2.0
11,sst2,3.0,distilbert-base-uncased,0.8944954128440370,0.9454545454545450,19.0
11,sst2,4.0,distilroberta-base,0.9128440366972480,0.9648484848484850,14.0
11,sst2,5.0,albert-base-v2,0.930045871559633,0.983030303030303,6.5
11,sst2,6.0,microsoft/deberta-base,0.9461009174311930,1.0,1.0
11,sst2,7.0,cardiffnlp/twitter-roberta-base-sentiment-latest,0.9357798165137620,0.9890909090909090,4.5
11,sst2,8.0,distilbert-base-uncased-finetuned-sst-2-english,0.9013761467889910,0.9527272727272730,15.0
11,sst2,9.0,deepset/roberta-base-squad2,0.9357798165137620,0.9890909090909090,4.5
11,sst2,10.0,bert-large-uncased,0.930045871559633,0.983030303030303,6.5
11,sst2,11.0,ProsusAI/finbert,0.9254587155963300,0.9781818181818180,10.0
11,sst2,12.0,emilyalsentzer/Bio_ClinicalBERT,0.8944954128440370,0.9454545454545450,19.0
11,sst2,13.0,bert-large-uncased-whole-word-masking-finetuned-squad,0.9392201834862380,0.9927272727272730,3.0
11,sst2,14.0,j-hartmann/emotion-english-distilroberta-base,0.9151376146788990,0.9672727272727270,13.0
11,sst2,15.0,distilbert-base-uncased-distilled-squad,0.9002293577981650,0.9515151515151520,16.0
11,sst2,16.0,nlptown/bert-base-multilingual-uncased-sentiment,0.8990825688073400,0.9503030303030300,17.0
11,sst2,17.0,zhayunduo/roberta-base-stocktwits-finetuned,0.9288990825688070,0.981818181818182,8.5
11,sst2,18.0,bert-base-multilingual-uncased,0.8944954128440370,0.9454545454545450,19.0
11,sst2,19.0,GroNLP/hateBERT,0.9185779816513760,0.9709090909090910,12.0
12,tweet_eval/emotion,0.0,bert-base-uncased,0.8050668543279380,0.9541284403669730,5.0
12,tweet_eval/emotion,1.0,xlm-roberta-base,0.7621393384940180,0.9032527105921600,16.0
12,tweet_eval/emotion,2.0,roberta-base,0.7994370161857850,0.9474562135112590,8.5
12,tweet_eval/emotion,3.0,distilbert-base-uncased,0.800844475721323,0.9491242702251880,7.0
12,tweet_eval/emotion,4.0,distilroberta-base,0.7895847994370160,0.9357798165137620,11.5
12,tweet_eval/emotion,5.0,albert-base-v2,0.745249824067558,0.8832360300250210,18.0
12,tweet_eval/emotion,6.0,microsoft/deberta-base,0.7994370161857850,0.9474562135112590,8.5
12,tweet_eval/emotion,7.0,cardiffnlp/twitter-roberta-base-sentiment-latest,0.8437719915552430,1.0,1.0
12,tweet_eval/emotion,8.0,distilbert-base-uncased-finetuned-sst-2-english,0.7748064743138640,0.9182652210175150,14.0
12,tweet_eval/emotion,9.0,deepset/roberta-base-squad2,0.8156228008444760,0.9666388657214340,3.0
12,tweet_eval/emotion,10.0,bert-large-uncased,0.8198451794510910,0.9716430358632190,2.0
12,tweet_eval/emotion,11.0,ProsusAI/finbert,0.8057705840957070,0.9549624687239370,4.0
12,tweet_eval/emotion,12.0,emilyalsentzer/Bio_ClinicalBERT,0.724841660802252,0.859049207673061,19.0
12,tweet_eval/emotion,13.0,bert-large-uncased-whole-word-masking-finetuned-squad,0.8043631245601690,0.9532944120100080,6.0
12,tweet_eval/emotion,14.0,j-hartmann/emotion-english-distilroberta-base,0.7811400422237860,0.9257714762301920,13.0
12,tweet_eval/emotion,15.0,distilbert-base-uncased-distilled-squad,0.7895847994370160,0.9357798165137620,11.5
12,tweet_eval/emotion,16.0,nlptown/bert-base-multilingual-uncased-sentiment,0.772695285010556,0.9157631359466220,15.0
12,tweet_eval/emotion,17.0,zhayunduo/roberta-base-stocktwits-finetuned,0.7234342012667140,0.8573811509591330,20.0
12,tweet_eval/emotion,18.0,bert-base-multilingual-uncased,0.7501759324419420,0.8890742285237700,17.0
12,tweet_eval/emotion,19.0,GroNLP/hateBERT,0.7902885292047850,0.9366138448707260,10.0
13,tweet_eval/hate,0.0,bert-base-uncased,0.4976430976430980,0.9348513598987980,9.0
13,tweet_eval/hate,1.0,xlm-roberta-base,0.4797979797979800,0.9013282732447820,16.0
13,tweet_eval/hate,2.0,roberta-base,0.5084175084175080,0.9550917141049970,6.0
13,tweet_eval/hate,3.0,distilbert-base-uncased,0.4808080808080810,0.9032258064516130,15.0
13,tweet_eval/hate,4.0,distilroberta-base,0.4962962962962960,0.9323213156230230,10.0
13,tweet_eval/hate,5.0,albert-base-v2,0.5323232323232320,1.0,1.0
13,tweet_eval/hate,6.0,microsoft/deberta-base,0.4922558922558920,0.924731182795699,11.5
13,tweet_eval/hate,7.0,cardiffnlp/twitter-roberta-base-sentiment-latest,0.5296296296296300,0.9949399114484500,2.0
13,tweet_eval/hate,8.0,distilbert-base-uncased-finetuned-sst-2-english,0.4828282828282830,0.9070208728652750,14.0
13,tweet_eval/hate,9.0,deepset/roberta-base-squad2,0.4922558922558920,0.924731182795699,11.5
13,tweet_eval/hate,10.0,bert-large-uncased,0.5003367003367000,0.9399114484503480,8.0
13,tweet_eval/hate,11.0,ProsusAI/finbert,0.4861952861952860,0.9133459835547120,13.0
13,tweet_eval/hate,12.0,emilyalsentzer/Bio_ClinicalBERT,0.4730639730639730,0.8886780518659080,17.0
13,tweet_eval/hate,13.0,bert-large-uncased-whole-word-masking-finetuned-squad,0.5168350168350170,0.9709044908285900,3.0
13,tweet_eval/hate,14.0,j-hartmann/emotion-english-distilroberta-base,0.4505050505050510,0.8462998102466790,20.0
13,tweet_eval/hate,15.0,distilbert-base-uncased-distilled-squad,0.5023569023569020,0.94370651486401,7.0
13,tweet_eval/hate,16.0,nlptown/bert-base-multilingual-uncased-sentiment,0.4518518518518520,0.8488298545224540,19.0
13,tweet_eval/hate,17.0,zhayunduo/roberta-base-stocktwits-finetuned,0.5158249158249160,0.9690069576217580,4.0
13,tweet_eval/hate,18.0,bert-base-multilingual-uncased,0.4595959595959600,0.8633776091081590,18.0
13,tweet_eval/hate,19.0,GroNLP/hateBERT,0.5144781144781140,0.9664769133459840,5.0
14,tweet_eval/irony,0.0,bert-base-uncased,0.6785714285714290,0.9001692047377330,8.0
14,tweet_eval/irony,1.0,xlm-roberta-base,0.6887755102040820,0.9137055837563450,5.0
14,tweet_eval/irony,2.0,roberta-base,0.6658163265306120,0.8832487309644670,12.0
14,tweet_eval/irony,3.0,distilbert-base-uncased,0.6262755102040820,0.8307952622673440,15.0
14,tweet_eval/irony,4.0,distilroberta-base,0.6862244897959180,0.910321489001692,6.5
14,tweet_eval/irony,5.0,albert-base-v2,0.6607142857142860,0.8764805414551610,13.0
14,tweet_eval/irony,6.0,microsoft/deberta-base,0.7206632653061230,0.9560067681895090,3.0
14,tweet_eval/irony,7.0,cardiffnlp/twitter-roberta-base-sentiment-latest,0.7538265306122450,1.0,1.0
14,tweet_eval/irony,8.0,distilbert-base-uncased-finetuned-sst-2-english,0.576530612244898,0.7648054145516070,19.0
14,tweet_eval/irony,9.0,deepset/roberta-base-squad2,0.7410714285714290,0.9830795262267340,2.0
14,tweet_eval/irony,10.0,bert-large-uncased,0.6862244897959180,0.910321489001692,6.5
14,tweet_eval/irony,11.0,ProsusAI/finbert,0.6530612244897960,0.8663282571912010,14.0
14,tweet_eval/irony,12.0,emilyalsentzer/Bio_ClinicalBERT,0.6045918367346940,0.8020304568527920,18.0
14,tweet_eval/irony,13.0,bert-large-uncased-whole-word-masking-finetuned-squad,0.6938775510204080,0.9204737732656510,4.0
14,tweet_eval/irony,14.0,j-hartmann/emotion-english-distilroberta-base,0.5752551020408160,0.7631133671742810,20.0
14,tweet_eval/irony,15.0,distilbert-base-uncased-distilled-squad,0.6147959183673470,0.8155668358714040,16.0
14,tweet_eval/irony,16.0,nlptown/bert-base-multilingual-uncased-sentiment,0.6760204081632650,0.8967851099830800,10.0
14,tweet_eval/irony,17.0,zhayunduo/roberta-base-stocktwits-finetuned,0.6084183673469390,0.8071065989847720,17.0
14,tweet_eval/irony,18.0,bert-base-multilingual-uncased,0.6772959183673470,0.898477157360406,9.0
14,tweet_eval/irony,19.0,GroNLP/hateBERT,0.673469387755102,0.8934010152284260,11.0
15,tweet_eval/offensive,0.0,bert-base-uncased,0.85,0.9905149051490510,5.0
15,tweet_eval/offensive,1.0,xlm-roberta-base,0.8232558139534880,0.9593495934959350,19.0
15,tweet_eval/offensive,2.0,roberta-base,0.8441860465116280,0.983739837398374,10.0
15,tweet_eval/offensive,3.0,distilbert-base-uncased,0.8569767441860470,0.9986449864498640,2.0
15,tweet_eval/offensive,4.0,distilroberta-base,0.8558139534883720,0.997289972899729,3.0
15,tweet_eval/offensive,5.0,albert-base-v2,0.8395348837209300,0.978319783197832,14.0
15,tweet_eval/offensive,6.0,microsoft/deberta-base,0.8488372093023260,0.989159891598916,6.5
15,tweet_eval/offensive,7.0,cardiffnlp/twitter-roberta-base-sentiment-latest,0.8534883720930230,0.994579945799458,4.0
15,tweet_eval/offensive,8.0,distilbert-base-uncased-finetuned-sst-2-english,0.8337209302325580,0.9715447154471540,16.5
15,tweet_eval/offensive,9.0,deepset/roberta-base-squad2,0.8430232558139540,0.9823848238482390,11.0
15,tweet_eval/offensive,10.0,bert-large-uncased,0.8406976744186050,0.9796747967479670,12.5
15,tweet_eval/offensive,11.0,ProsusAI/finbert,0.8488372093023260,0.989159891598916,6.5
15,tweet_eval/offensive,12.0,emilyalsentzer/Bio_ClinicalBERT,0.8209302325581400,0.956639566395664,20.0
15,tweet_eval/offensive,13.0,bert-large-uncased-whole-word-masking-finetuned-squad,0.8476744186046510,0.9878048780487800,8.0
15,tweet_eval/offensive,14.0,j-hartmann/emotion-english-distilroberta-base,0.8337209302325580,0.9715447154471540,16.5
15,tweet_eval/offensive,15.0,distilbert-base-uncased-distilled-squad,0.8465116279069770,0.9864498644986450,9.0
15,tweet_eval/offensive,16.0,nlptown/bert-base-multilingual-uncased-sentiment,0.8406976744186050,0.9796747967479670,12.5
15,tweet_eval/offensive,17.0,zhayunduo/roberta-base-stocktwits-finetuned,0.8302325581395350,0.967479674796748,18.0
15,tweet_eval/offensive,18.0,bert-base-multilingual-uncased,0.8372093023255810,0.975609756097561,15.0
15,tweet_eval/offensive,19.0,GroNLP/hateBERT,0.858139534883721,1.0,1.0
16,tweet_eval/sentiment,0.0,bert-base-uncased,0.6920384239661350,0.96372293390772,12.0
16,tweet_eval/sentiment,1.0,xlm-roberta-base,0.6811299251058290,0.948531912481578,16.0
16,tweet_eval/sentiment,2.0,roberta-base,0.6950504721589060,0.96791746967464,8.0
16,tweet_eval/sentiment,3.0,distilbert-base-uncased,0.6908987300553570,0.9621358122661830,13.0
16,tweet_eval/sentiment,4.0,distilroberta-base,0.6992022142624550,0.9736991270830970,7.0
16,tweet_eval/sentiment,5.0,albert-base-v2,0.6921198306740480,0.9638362997392590,11.0
16,tweet_eval/sentiment,6.0,microsoft/deberta-base,0.7021328557473140,0.9777802970184790,6.0
16,tweet_eval/sentiment,7.0,cardiffnlp/twitter-roberta-base-sentiment-latest,0.7180885704982090,1.0,1.0
16,tweet_eval/sentiment,8.0,distilbert-base-uncased-finetuned-sst-2-english,0.6838977531748620,0.9523863507538830,15.0
16,tweet_eval/sentiment,9.0,deepset/roberta-base-squad2,0.7024584825789650,0.978233760344632,4.5
16,tweet_eval/sentiment,10.0,bert-large-uncased,0.693503744708564,0.965763518875411,10.0
16,tweet_eval/sentiment,11.0,ProsusAI/finbert,0.6870726147834580,0.9568076181838790,14.0
16,tweet_eval/sentiment,12.0,emilyalsentzer/Bio_ClinicalBERT,0.6544285249104530,0.9113479197369910,20.0
16,tweet_eval/sentiment,13.0,bert-large-uncased-whole-word-masking-finetuned-squad,0.7070172582220780,0.9845822469107810,2.0
16,tweet_eval/sentiment,14.0,j-hartmann/emotion-english-distilroberta-base,0.7024584825789650,0.978233760344632,4.5
16,tweet_eval/sentiment,15.0,distilbert-base-uncased-distilled-squad,0.6809671116900030,0.9483051808185010,17.0
16,tweet_eval/sentiment,16.0,nlptown/bert-base-multilingual-uncased-sentiment,0.6759198957994140,0.9412764992631220,19.0
16,tweet_eval/sentiment,17.0,zhayunduo/roberta-base-stocktwits-finetuned,0.7049006838163470,0.9816347352907830,3.0
16,tweet_eval/sentiment,18.0,bert-base-multilingual-uncased,0.6781992836209700,0.9444507425461960,18.0
16,tweet_eval/sentiment,19.0,GroNLP/hateBERT,0.694724845327255,0.9674640063484870,9.0
17,financial_phrasebank/sentences_allagree,0.0,bert-base-uncased,0.9691629955947140,0.9865470852017940,4.0
17,financial_phrasebank/sentences_allagree,1.0,xlm-roberta-base,0.9559471365638770,0.9730941704035880,7.0
17,financial_phrasebank/sentences_allagree,2.0,roberta-base,0.973568281938326,0.9910313901345290,3.0
17,financial_phrasebank/sentences_allagree,3.0,distilbert-base-uncased,0.947136563876652,0.9641255605381170,8.0
17,financial_phrasebank/sentences_allagree,4.0,distilroberta-base,0.9779735682819380,0.9955156950672650,2.0
17,financial_phrasebank/sentences_allagree,5.0,albert-base-v2,0.9779735682819380,0.9955156950672650,2.0
17,financial_phrasebank/sentences_allagree,6.0,microsoft/deberta-base,0.9779735682819380,0.9955156950672650,2.0
17,financial_phrasebank/sentences_allagree,7.0,cardiffnlp/twitter-roberta-base-sentiment-latest,0.9823788546255510,1.0,1.0
17,financial_phrasebank/sentences_allagree,8.0,distilbert-base-uncased-finetuned-sst-2-english,0.960352422907489,0.9775784753363230,6.0
17,financial_phrasebank/sentences_allagree,9.0,deepset/roberta-base-squad2,0.9779735682819380,0.9955156950672650,2.0
17,financial_phrasebank/sentences_allagree,10.0,bert-large-uncased,0.9779735682819380,0.9955156950672650,2.0
17,financial_phrasebank/sentences_allagree,11.0,ProsusAI/finbert,0.960352422907489,0.9775784753363230,6.0
17,financial_phrasebank/sentences_allagree,12.0,emilyalsentzer/Bio_ClinicalBERT,0.947136563876652,0.9641255605381170,8.0
17,financial_phrasebank/sentences_allagree,13.0,bert-large-uncased-whole-word-masking-finetuned-squad,0.9823788546255510,1.0,1.0
17,financial_phrasebank/sentences_allagree,14.0,j-hartmann/emotion-english-distilroberta-base,0.9823788546255510,1.0,1.0
17,financial_phrasebank/sentences_allagree,15.0,distilbert-base-uncased-distilled-squad,0.947136563876652,0.9641255605381170,8.0
17,financial_phrasebank/sentences_allagree,16.0,nlptown/bert-base-multilingual-uncased-sentiment,0.9779735682819380,0.9955156950672650,2.0
17,financial_phrasebank/sentences_allagree,17.0,zhayunduo/roberta-base-stocktwits-finetuned,0.9823788546255510,1.0,1.0
17,financial_phrasebank/sentences_allagree,18.0,bert-base-multilingual-uncased,0.947136563876652,0.9641255605381170,8.0
17,financial_phrasebank/sentences_allagree,19.0,GroNLP/hateBERT,0.9647577092511010,0.9820627802690580,5.0
18,zeroshot/twitter-financial-news-sentiment,0.0,bert-base-uncased,0.8714405360134000,0.9612009237875290,10.0
18,zeroshot/twitter-financial-news-sentiment,1.0,xlm-roberta-base,0.8714405360134000,0.9612009237875290,10.0
18,zeroshot/twitter-financial-news-sentiment,2.0,roberta-base,0.9066164154103850,1.0,1.0
18,zeroshot/twitter-financial-news-sentiment,3.0,distilbert-base-uncased,0.8760469011725290,0.9662817551963050,7.0
18,zeroshot/twitter-financial-news-sentiment,4.0,distilroberta-base,0.8907035175879400,0.9824480369515010,4.0
18,zeroshot/twitter-financial-news-sentiment,5.0,albert-base-v2,0.8530150753768840,0.9408775981524250,17.0
18,zeroshot/twitter-financial-news-sentiment,6.0,microsoft/deberta-base,0.890284757118928,0.9819861431870670,5.0
18,zeroshot/twitter-financial-news-sentiment,7.0,cardiffnlp/twitter-roberta-base-sentiment-latest,0.8739530988274710,0.963972286374134,9.0
18,zeroshot/twitter-financial-news-sentiment,8.0,distilbert-base-uncased-finetuned-sst-2-english,0.8609715242881070,0.9496535796766740,13.0
18,zeroshot/twitter-financial-news-sentiment,9.0,deepset/roberta-base-squad2,0.8932160804020100,0.9852193995381060,2.0
18,zeroshot/twitter-financial-news-sentiment,10.0,bert-large-uncased,0.864321608040201,0.9533487297921480,11.0
18,zeroshot/twitter-financial-news-sentiment,11.0,ProsusAI/finbert,0.8756281407035180,0.9658198614318710,8.0
18,zeroshot/twitter-financial-news-sentiment,12.0,emilyalsentzer/Bio_ClinicalBERT,0.8446398659966500,0.9316397228637410,18.0
18,zeroshot/twitter-financial-news-sentiment,13.0,bert-large-uncased-whole-word-masking-finetuned-squad,0.8580402010050250,0.9464203233256350,14.0
18,zeroshot/twitter-financial-news-sentiment,14.0,j-hartmann/emotion-english-distilroberta-base,0.8802345058626470,0.9709006928406470,6.0
18,zeroshot/twitter-financial-news-sentiment,15.0,distilbert-base-uncased-distilled-squad,0.8634840871021780,0.9524249422632790,12.0
18,zeroshot/twitter-financial-news-sentiment,16.0,nlptown/bert-base-multilingual-uncased-sentiment,0.8576214405360130,0.9459584295612010,15.0
18,zeroshot/twitter-financial-news-sentiment,17.0,zhayunduo/roberta-base-stocktwits-finetuned,0.8915410385259630,0.9833718244803690,3.0
18,zeroshot/twitter-financial-news-sentiment,18.0,bert-base-multilingual-uncased,0.8530150753768840,0.9408775981524250,17.0
18,zeroshot/twitter-financial-news-sentiment,19.0,GroNLP/hateBERT,0.8559463986599670,0.944110854503464,16.0
19,climatebert/climate_detection,0.0,bert-base-uncased,0.9525,0.9744245524296680,8.0
19,climatebert/climate_detection,1.0,xlm-roberta-base,0.9775,1.0,1.0
19,climatebert/climate_detection,2.0,roberta-base,0.9575,0.979539641943734,6.0
19,climatebert/climate_detection,3.0,distilbert-base-uncased,0.955,0.9769820971867010,7.0
19,climatebert/climate_detection,4.0,distilroberta-base,0.9725,0.9948849104859340,3.0
19,climatebert/climate_detection,5.0,albert-base-v2,0.945,0.9667519181585680,10.0
19,climatebert/climate_detection,6.0,microsoft/deberta-base,0.9675,0.989769820971867,4.0
19,climatebert/climate_detection,7.0,cardiffnlp/twitter-roberta-base-sentiment-latest,0.9625,0.9846547314578000,5.0
19,climatebert/climate_detection,8.0,distilbert-base-uncased-finetuned-sst-2-english,0.94,0.9616368286445010,12.0
19,climatebert/climate_detection,9.0,deepset/roberta-base-squad2,0.975,0.9974424552429670,2.0
19,climatebert/climate_detection,10.0,bert-large-uncased,0.9525,0.9744245524296680,8.0
19,climatebert/climate_detection,11.0,ProsusAI/finbert,0.9625,0.9846547314578000,5.0
19,climatebert/climate_detection,12.0,emilyalsentzer/Bio_ClinicalBERT,0.9225,0.9437340153452680,14.0
19,climatebert/climate_detection,13.0,bert-large-uncased-whole-word-masking-finetuned-squad,0.9425,0.9641943734015340,11.0
19,climatebert/climate_detection,14.0,j-hartmann/emotion-english-distilroberta-base,0.9575,0.979539641943734,6.0
19,climatebert/climate_detection,15.0,distilbert-base-uncased-distilled-squad,0.9125,0.9335038363171360,16.0
19,climatebert/climate_detection,16.0,nlptown/bert-base-multilingual-uncased-sentiment,0.95,0.9718670076726340,9.0
19,climatebert/climate_detection,17.0,zhayunduo/roberta-base-stocktwits-finetuned,0.95,0.9718670076726340,9.0
19,climatebert/climate_detection,18.0,bert-base-multilingual-uncased,0.92,0.9411764705882350,15.0
19,climatebert/climate_detection,19.0,GroNLP/hateBERT,0.9275,0.948849104859335,13.0
20,trec,0.0,bert-base-uncased,0.964,0.985685071574642,5.0
20,trec,1.0,xlm-roberta-base,0.954,0.9754601226993860,10.0
20,trec,2.0,roberta-base,0.978,1.0,1.0
20,trec,3.0,distilbert-base-uncased,0.958,0.9795501022494890,8.0
20,trec,4.0,distilroberta-base,0.952,0.9734151329243350,11.0
20,trec,5.0,albert-base-v2,0.958,0.9795501022494890,8.0
20,trec,6.0,microsoft/deberta-base,0.958,0.9795501022494890,8.0
20,trec,7.0,cardiffnlp/twitter-roberta-base-sentiment-latest,0.97,0.9918200408997960,3.0
20,trec,8.0,distilbert-base-uncased-finetuned-sst-2-english,0.964,0.985685071574642,5.0
20,trec,9.0,deepset/roberta-base-squad2,0.964,0.985685071574642,5.0
20,trec,10.0,bert-large-uncased,0.97,0.9918200408997960,3.0
20,trec,11.0,ProsusAI/finbert,0.972,0.9938650306748470,2.0
20,trec,12.0,emilyalsentzer/Bio_ClinicalBERT,0.93,0.9509202453987730,13.0
20,trec,13.0,bert-large-uncased-whole-word-masking-finetuned-squad,0.968,0.9897750511247440,4.0
20,trec,14.0,j-hartmann/emotion-english-distilroberta-base,0.96,0.98159509202454,7.0
20,trec,15.0,distilbert-base-uncased-distilled-squad,0.962,0.983640081799591,6.0
20,trec,16.0,nlptown/bert-base-multilingual-uncased-sentiment,0.954,0.9754601226993860,10.0
20,trec,17.0,zhayunduo/roberta-base-stocktwits-finetuned,0.96,0.98159509202454,7.0
20,trec,18.0,bert-base-multilingual-uncased,0.956,0.9775051124744380,9.0
20,trec,19.0,GroNLP/hateBERT,0.948,0.9693251533742330,12.0
21,hate_speech18,0.0,bert-base-uncased,0.8849315068493150,0.9778002018163470,10.0
21,hate_speech18,1.0,xlm-roberta-base,0.8767123287671230,0.968718466195762,12.0
21,hate_speech18,2.0,roberta-base,0.8849315068493150,0.9778002018163470,10.0
21,hate_speech18,3.0,distilbert-base-uncased,0.8931506849315070,0.9868819374369320,4.0
21,hate_speech18,4.0,distilroberta-base,0.8840182648401830,0.9767911200807260,11.0
21,hate_speech18,5.0,albert-base-v2,0.8849315068493150,0.9778002018163470,10.0
21,hate_speech18,6.0,microsoft/deberta-base,0.8894977168949770,0.98284561049445,7.0
21,hate_speech18,7.0,cardiffnlp/twitter-roberta-base-sentiment-latest,0.897716894977169,0.9919273461150350,2.0
21,hate_speech18,8.0,distilbert-base-uncased-finetuned-sst-2-english,0.8922374429223740,0.9858728557013120,5.0
21,hate_speech18,9.0,deepset/roberta-base-squad2,0.8931506849315070,0.9868819374369320,4.0
21,hate_speech18,10.0,bert-large-uncased,0.8712328767123290,0.9626639757820380,13.0
21,hate_speech18,11.0,ProsusAI/finbert,0.8922374429223740,0.9858728557013120,5.0
21,hate_speech18,12.0,emilyalsentzer/Bio_ClinicalBERT,0.8876712328767120,0.9808274470232090,8.0
21,hate_speech18,13.0,bert-large-uncased-whole-word-masking-finetuned-squad,0.891324200913242,0.9848637739656910,6.0
21,hate_speech18,14.0,j-hartmann/emotion-english-distilroberta-base,0.9050228310502280,1.0,1.0
21,hate_speech18,15.0,distilbert-base-uncased-distilled-squad,0.8894977168949770,0.98284561049445,7.0
21,hate_speech18,16.0,nlptown/bert-base-multilingual-uncased-sentiment,0.8922374429223740,0.9858728557013120,5.0
21,hate_speech18,17.0,zhayunduo/roberta-base-stocktwits-finetuned,0.8849315068493150,0.9778002018163470,10.0
21,hate_speech18,18.0,bert-base-multilingual-uncased,0.8867579908675800,0.9798183652875880,9.0
21,hate_speech18,19.0,GroNLP/hateBERT,0.8940639269406390,0.9878910191725530,3.0
22,clinc_oos/plus,0.0,bert-base-uncased,0.876,0.9589968152866240,16.0
22,clinc_oos/plus,1.0,xlm-roberta-base,0.8883636363636360,0.972531847133758,9.0
22,clinc_oos/plus,2.0,roberta-base,0.9087272727272730,0.9948248407643310,2.0
22,clinc_oos/plus,3.0,distilbert-base-uncased,0.899090909090909,0.9842754777070060,4.0
22,clinc_oos/plus,4.0,distilroberta-base,0.8829090909090910,0.96656050955414,13.0
22,clinc_oos/plus,5.0,albert-base-v2,0.8718181818181820,0.9544187898089170,17.0
22,clinc_oos/plus,6.0,microsoft/deberta-base,0.9134545454545450,1.0,1.0
22,clinc_oos/plus,7.0,cardiffnlp/twitter-roberta-base-sentiment-latest,0.9,0.9852707006369430,3.0
22,clinc_oos/plus,8.0,distilbert-base-uncased-finetuned-sst-2-english,0.89,0.9743232484076430,8.0
22,clinc_oos/plus,9.0,deepset/roberta-base-squad2,0.8987272727272730,0.983877388535032,5.0
22,clinc_oos/plus,10.0,bert-large-uncased,0.8936363636363640,0.9783041401273890,6.0
22,clinc_oos/plus,11.0,ProsusAI/finbert,0.8821818181818180,0.9657643312101910,14.0
22,clinc_oos/plus,12.0,emilyalsentzer/Bio_ClinicalBERT,0.8641818181818180,0.9460589171974520,19.0
22,clinc_oos/plus,13.0,bert-large-uncased-whole-word-masking-finetuned-squad,0.8903636363636360,0.974721337579618,7.0
22,clinc_oos/plus,14.0,j-hartmann/emotion-english-distilroberta-base,0.884,0.9677547770700640,12.0
22,clinc_oos/plus,15.0,distilbert-base-uncased-distilled-squad,0.8841818181818180,0.967953821656051,11.0
22,clinc_oos/plus,16.0,nlptown/bert-base-multilingual-uncased-sentiment,0.8678181818181820,0.9500398089171980,18.0
22,clinc_oos/plus,17.0,zhayunduo/roberta-base-stocktwits-finetuned,0.8867272727272730,0.9707404458598730,10.0
22,clinc_oos/plus,18.0,bert-base-multilingual-uncased,0.8618181818181820,0.943471337579618,20.0
22,clinc_oos/plus,19.0,GroNLP/hateBERT,0.8792727272727270,0.962579617834395,15.0
23,climatebert/tcfd_recommendations,0.0,bert-base-uncased,0.7575,0.9498432601880880,5.0
23,climatebert/tcfd_recommendations,1.0,xlm-roberta-base,0.77,0.9655172413793100,3.0
23,climatebert/tcfd_recommendations,2.0,roberta-base,0.7575,0.9498432601880880,5.0
23,climatebert/tcfd_recommendations,3.0,distilbert-base-uncased,0.7175,0.8996865203761760,12.0
23,climatebert/tcfd_recommendations,4.0,distilroberta-base,0.7725,0.9686520376175550,2.0
23,climatebert/tcfd_recommendations,5.0,albert-base-v2,0.7125,0.8934169278996870,13.0
23,climatebert/tcfd_recommendations,6.0,microsoft/deberta-base,0.7475,0.9373040752351100,8.0
23,climatebert/tcfd_recommendations,7.0,cardiffnlp/twitter-roberta-base-sentiment-latest,0.7975,1.0,1.0
23,climatebert/tcfd_recommendations,8.0,distilbert-base-uncased-finetuned-sst-2-english,0.705,0.8840125391849530,14.0
23,climatebert/tcfd_recommendations,9.0,deepset/roberta-base-squad2,0.7525,0.9435736677115990,6.0
23,climatebert/tcfd_recommendations,10.0,bert-large-uncased,0.7175,0.8996865203761760,12.0
23,climatebert/tcfd_recommendations,11.0,ProsusAI/finbert,0.74,0.927899686520376,9.0
23,climatebert/tcfd_recommendations,12.0,emilyalsentzer/Bio_ClinicalBERT,0.7025,0.8808777429467090,15.0
23,climatebert/tcfd_recommendations,13.0,bert-large-uncased-whole-word-masking-finetuned-squad,0.74,0.927899686520376,9.0
23,climatebert/tcfd_recommendations,14.0,j-hartmann/emotion-english-distilroberta-base,0.76,0.9529780564263320,4.0
23,climatebert/tcfd_recommendations,15.0,distilbert-base-uncased-distilled-squad,0.725,0.9090909090909090,10.0
23,climatebert/tcfd_recommendations,16.0,nlptown/bert-base-multilingual-uncased-sentiment,0.72,0.90282131661442,11.0
23,climatebert/tcfd_recommendations,17.0,zhayunduo/roberta-base-stocktwits-finetuned,0.6625,0.8307210031347960,16.0
23,climatebert/tcfd_recommendations,18.0,bert-base-multilingual-uncased,0.74,0.927899686520376,9.0
23,climatebert/tcfd_recommendations,19.0,GroNLP/hateBERT,0.75,0.9404388714733540,7.0
24,climatebert/climate_specificity,0.0,bert-base-uncased,0.80625,0.9923076923076920,3.0
24,climatebert/climate_specificity,1.0,xlm-roberta-base,0.790625,0.9730769230769230,8.0
24,climatebert/climate_specificity,2.0,roberta-base,0.76875,0.9461538461538460,11.0
24,climatebert/climate_specificity,3.0,distilbert-base-uncased,0.80625,0.9923076923076920,3.0
24,climatebert/climate_specificity,4.0,distilroberta-base,0.79375,0.9769230769230770,7.0
24,climatebert/climate_specificity,5.0,albert-base-v2,0.790625,0.9730769230769230,8.0
24,climatebert/climate_specificity,6.0,microsoft/deberta-base,0.803125,0.9884615384615380,4.0
24,climatebert/climate_specificity,7.0,cardiffnlp/twitter-roberta-base-sentiment-latest,0.803125,0.9884615384615380,4.0
24,climatebert/climate_specificity,8.0,distilbert-base-uncased-finetuned-sst-2-english,0.784375,0.9653846153846150,9.0
24,climatebert/climate_specificity,9.0,deepset/roberta-base-squad2,0.790625,0.9730769230769230,8.0
24,climatebert/climate_specificity,10.0,bert-large-uncased,0.796875,0.9807692307692310,6.0
24,climatebert/climate_specificity,11.0,ProsusAI/finbert,0.79375,0.9769230769230770,7.0
24,climatebert/climate_specificity,12.0,emilyalsentzer/Bio_ClinicalBERT,0.796875,0.9807692307692310,6.0
24,climatebert/climate_specificity,13.0,bert-large-uncased-whole-word-masking-finetuned-squad,0.784375,0.9653846153846150,9.0
24,climatebert/climate_specificity,14.0,j-hartmann/emotion-english-distilroberta-base,0.8,0.9846153846153850,5.0
24,climatebert/climate_specificity,15.0,distilbert-base-uncased-distilled-squad,0.778125,0.9576923076923080,10.0
24,climatebert/climate_specificity,16.0,nlptown/bert-base-multilingual-uncased-sentiment,0.809375,0.996153846153846,2.0
24,climatebert/climate_specificity,17.0,zhayunduo/roberta-base-stocktwits-finetuned,0.759375,0.9346153846153850,12.0
24,climatebert/climate_specificity,18.0,bert-base-multilingual-uncased,0.790625,0.9730769230769230,8.0
24,climatebert/climate_specificity,19.0,GroNLP/hateBERT,0.8125,1.0,1.0
25,climatebert/climate_commitments_actions,0.0,bert-base-uncased,0.8,0.973384030418251,4.0
25,climatebert/climate_commitments_actions,1.0,xlm-roberta-base,0.784375,0.9543726235741440,7.0
25,climatebert/climate_commitments_actions,2.0,roberta-base,0.809375,0.9847908745247150,3.0
25,climatebert/climate_commitments_actions,3.0,distilbert-base-uncased,0.8,0.973384030418251,4.0
25,climatebert/climate_commitments_actions,4.0,distilroberta-base,0.821875,1.0,1.0
25,climatebert/climate_commitments_actions,5.0,albert-base-v2,0.765625,0.9315589353612170,11.0
25,climatebert/climate_commitments_actions,6.0,microsoft/deberta-base,0.790625,0.9619771863117870,6.0
25,climatebert/climate_commitments_actions,7.0,cardiffnlp/twitter-roberta-base-sentiment-latest,0.759375,0.9239543726235740,12.0
25,climatebert/climate_commitments_actions,8.0,distilbert-base-uncased-finetuned-sst-2-english,0.753125,0.9163498098859320,14.0
25,climatebert/climate_commitments_actions,9.0,deepset/roberta-base-squad2,0.78125,0.9505703422053230,8.0
25,climatebert/climate_commitments_actions,10.0,bert-large-uncased,0.821875,1.0,1.0
25,climatebert/climate_commitments_actions,11.0,ProsusAI/finbert,0.809375,0.9847908745247150,3.0
25,climatebert/climate_commitments_actions,12.0,emilyalsentzer/Bio_ClinicalBERT,0.796875,0.9695817490494300,5.0
25,climatebert/climate_commitments_actions,13.0,bert-large-uncased-whole-word-masking-finetuned-squad,0.8125,0.988593155893536,2.0
25,climatebert/climate_commitments_actions,14.0,j-hartmann/emotion-english-distilroberta-base,0.75625,0.9201520912547530,13.0
25,climatebert/climate_commitments_actions,15.0,distilbert-base-uncased-distilled-squad,0.8,0.973384030418251,4.0
25,climatebert/climate_commitments_actions,16.0,nlptown/bert-base-multilingual-uncased-sentiment,0.8,0.973384030418251,4.0
25,climatebert/climate_commitments_actions,17.0,zhayunduo/roberta-base-stocktwits-finetuned,0.76875,0.935361216730038,10.0
25,climatebert/climate_commitments_actions,18.0,bert-base-multilingual-uncased,0.784375,0.9543726235741440,7.0
25,climatebert/climate_commitments_actions,19.0,GroNLP/hateBERT,0.778125,0.9467680608365020,9.0
26,hate_offensive,0.0,bert-base-uncased,0.9128680919725700,0.9969162995594710,4.0
26,hate_offensive,1.0,xlm-roberta-base,0.9144816458249290,0.9986784140969160,2.0
26,hate_offensive,2.0,roberta-base,0.9132714804356600,0.9973568281938320,3.0
26,hate_offensive,3.0,distilbert-base-uncased,0.9072206534893100,0.990748898678414,13.0
26,hate_offensive,4.0,distilroberta-base,0.9056070996369500,0.9889867841409690,16.0
26,hate_offensive,5.0,albert-base-v2,0.90923759580476,0.9929515418502200,9.0
26,hate_offensive,6.0,microsoft/deberta-base,0.91004437273094,0.9938325991189430,7.0
26,hate_offensive,7.0,cardiffnlp/twitter-roberta-base-sentiment-latest,0.90843081887858,0.9920704845814980,10.0
26,hate_offensive,8.0,distilbert-base-uncased-finetuned-sst-2-english,0.9132714804356600,0.9973568281938320,3.0
26,hate_offensive,9.0,deepset/roberta-base-squad2,0.9112545381202100,0.9951541850220260,5.0
26,hate_offensive,10.0,bert-large-uncased,0.9104477611940300,0.994273127753304,6.0
26,hate_offensive,11.0,ProsusAI/finbert,0.9056070996369500,0.9889867841409690,16.0
26,hate_offensive,12.0,emilyalsentzer/Bio_ClinicalBERT,0.9068172650262200,0.9903083700440530,14.0
26,hate_offensive,13.0,bert-large-uncased-whole-word-masking-finetuned-squad,0.90923759580476,0.9929515418502200,9.0
26,hate_offensive,14.0,j-hartmann/emotion-english-distilroberta-base,0.9080274304154900,0.9916299559471370,11.0
26,hate_offensive,15.0,distilbert-base-uncased-distilled-squad,0.9112545381202100,0.9951541850220260,5.0
26,hate_offensive,16.0,nlptown/bert-base-multilingual-uncased-sentiment,0.9060104881000400,0.9894273127753300,15.0
26,hate_offensive,17.0,zhayunduo/roberta-base-stocktwits-finetuned,0.90964098426785,0.9933920704845810,8.0
26,hate_offensive,18.0,bert-base-multilingual-uncased,0.9076240419524000,0.9911894273127750,12.0
26,hate_offensive,19.0,GroNLP/hateBERT,0.9156918112141990,1.0,1.0
27,mattymchen/mr,0.0,bert-base-uncased,0.8828491096532330,0.9721362229102170,5.0
27,mattymchen/mr,1.0,xlm-roberta-base,0.8772258669165890,0.9659442724458200,6.0
27,mattymchen/mr,2.0,roberta-base,0.8762886597938140,0.9649122807017540,7.0
27,mattymchen/mr,3.0,distilbert-base-uncased,0.8556701030927840,0.9422084623323010,12.0
27,mattymchen/mr,4.0,distilroberta-base,0.8528584817244610,0.9391124871001030,13.0
27,mattymchen/mr,5.0,albert-base-v2,0.8734770384254920,0.9618163054695560,10.0
27,mattymchen/mr,6.0,microsoft/deberta-base,0.8753514526710400,0.9638802889576880,8.0
27,mattymchen/mr,7.0,cardiffnlp/twitter-roberta-base-sentiment-latest,0.8865979381443300,0.9762641898864810,3.0
27,mattymchen/mr,8.0,distilbert-base-uncased-finetuned-sst-2-english,0.9081537019681350,1.0,1.0
27,mattymchen/mr,9.0,deepset/roberta-base-squad2,0.895032802249297,0.9855521155830750,2.0
27,mattymchen/mr,10.0,bert-large-uncased,0.8828491096532330,0.9721362229102170,5.0
27,mattymchen/mr,11.0,ProsusAI/finbert,0.8772258669165890,0.9659442724458200,6.0
27,mattymchen/mr,12.0,emilyalsentzer/Bio_ClinicalBERT,0.8331771321462040,0.9174406604747160,17.0
27,mattymchen/mr,13.0,bert-large-uncased-whole-word-masking-finetuned-squad,0.8856607310215560,0.9752321981424150,4.0
27,mattymchen/mr,14.0,j-hartmann/emotion-english-distilroberta-base,0.8622305529522020,0.9494324045407640,11.0
27,mattymchen/mr,15.0,distilbert-base-uncased-distilled-squad,0.837863167760075,0.9226006191950460,15.0
27,mattymchen/mr,16.0,nlptown/bert-base-multilingual-uncased-sentiment,0.8341143392689790,0.9184726522187820,16.0
27,mattymchen/mr,17.0,zhayunduo/roberta-base-stocktwits-finetuned,0.8772258669165890,0.9659442724458200,6.0
27,mattymchen/mr,18.0,bert-base-multilingual-uncased,0.8406747891283970,0.9256965944272440,14.0
27,mattymchen/mr,19.0,GroNLP/hateBERT,0.8744142455482660,0.9628482972136220,9.0